SKU,ImageLink,Title
JOPLST218,https://rajnandinifashion.com/cdn/shop/files/JOPLST218_494x.progressive.jpg?v=1744281698,JOPLST218
JOPLST241,https://drive.google.com/uc?export=view&id=1BznmGaVxeHu9aChLoavWJvGtT_60e39e,JOPLST241
JOPLST242,https://rajnandinifashion.com/cdn/shop/files/JOPLST242_fb64bb13-e162-4518-99c7-2271764d066a_439x.progressive.jpg?v=1755690666,JOPLST242
JOPLST243,https://rajnandinifashion.com/cdn/shop/files/JOPLST243_439x.progressive.jpg?v=1744281620,JOPLST243
JOPLJPR523,https://rajnandinifashion.com/cdn/shop/files/JOPLJPR523-5_439x.progressive.jpg?v=1755157973,JOPLJPR523
JOPLJPR522,https://rajnandinifashion.com/cdn/shop/files/JOPLJPR522-3_439x.progressive.jpg?v=1752927269,JOPLJPR522
JOPLJPR521,https://rajnandinifashion.com/cdn/shop/files/JOPLJPR521_439x.jpg,JOPLJPR521
JOPLJPR520,https://rajnandinifashion.com/cdn/shop/files/JOPLJPR520_439x.progressive.jpg?v=1750406549,JOPLJPR520
JOPLJPR519,https://rajnandinifashion.com/cdn/shop/files/JOPLJPR519_439x.progressive.jpg?v=1750405581,JOPLJPR519
JOPLJPR518,https://rajnandinifashion.com/cdn/shop/files/JOPLJPR518_3177898e-0334-461f-92dd-92e29b7cdc4c_439x.progressive.jpg?v=1754298718,JOPLJPR518
JOPLJPR517,https://rajnandinifashion.com/cdn/shop/files/JOPLJPR517_439x.progressive.jpg?v=1744457845,JOPLJPR517
JOPLJPR516,https://rajnandinifashion.com/cdn/shop/files/JOPLJPR516_439x.progressive.jpg?v=1744457859,JOPLJPR516
JOPLJPR515,https://rajnandinifashion.com/cdn/shop/files/JOPLJPR515_439x.progressive.jpg?v=1744457871,JOPLJPR515
JOPLJPR513,https://rajnandinifashion.com/cdn/shop/files/JOPLJPR513_439x.progressive.jpg?v=1754298668,JOPLJPR513
JOPLJPR509,https://rajnandinifashion.com/cdn/shop/files/JOPLJPR509_10_450x.progressive.jpg?v=1744281802,JOPLJPR509
JOPLJPR508,https://rajnandinifashion.com/cdn/shop/files/JOPLJPR508_6_450x.progressive.jpg?v=1744281803,JOPLJPR508
JOPLJPR506,https://rajnandinifashion.com/cdn/shop/files/JPR506_8_450x.progressive.jpg?v=1744281821,JOPLJPR506
JOPLVSRW5220,https://rajnandinifashion.com/cdn/shop/files/JOPLVSRW5220-7_494x.progressive.jpg?v=1752651608,JOPLVSRW5220
JOPLVSRW5218,https://rajnandinifashion.com/cdn/shop/files/JOPLVSRW5218_bacb2a79-0279-4eac-bc90-0b463bf5c8da_439x.progressive.jpg?v=1752650067,JOPLVSRW5218
JOPLVSRW5217,https://rajnandinifashion.com/cdn/shop/files/JOPLVSRW5217-0_439x.progressive.jpg?v=1752649765,JOPLVSRW5217
JOPLVSRW5216,https://rajnandinifashion.com/cdn/shop/files/JOPLVSRW5216-0_439x.progressive.jpg?v=1752649379,JOPLVSRW5216
JOPLVSRW5214,https://rajnandinifashion.com/cdn/shop/files/JOPLVSRW5214-4_9d9bb60f-0888-4efd-968f-caf2ff10f4b3_439x.progressive.jpg?v=1752648707,JOPLVSRW5214
JOPLVSRW5213,https://rajnandinifashion.com/cdn/shop/files/JOPLVSRW5213-4_0aa48ca7-50fd-49ca-a999-5f9ed074d139_439x.progressive.jpg?v=1752648388,JOPLVSRW5213
JOPLVSRW5212,https://rajnandinifashion.com/cdn/shop/files/JOPLVSRW5212-4_8ce5b8cc-5a32-4e02-b5d3-03a767f76a1d_439x.progressive.jpg?v=1752647523,JOPLVSRW5212
JOPLVSRW5211,https://rajnandinifashion.com/cdn/shop/files/JOPLVSRW5211-7_439x.progressive.jpg?v=1752647041,JOPLVSRW5211
JOPLVSRW5208,https://rajnandinifashion.com/cdn/shop/files/JOPLVSRW5208-0_439x.progressive.jpg?v=1752582634,JOPLVSRW5208
JOPLVSRW5207,https://rajnandinifashion.com/cdn/shop/files/JOPLVSRW5207-0_439x.progressive.jpg?v=1752582008,JOPLVSRW5207
JOPLVSRW5206,https://rajnandinifashion.com/cdn/shop/files/JOPLVSRW5206-0_439x.progressive.jpg?v=1752581541,JOPLVSRW5206
JOPLVSRW5205,https://rajnandinifashion.com/cdn/shop/files/JOPLVSRW5205-1_2e9adef7-3304-49b9-9a70-460bfbe44c43_439x.progressive.jpg?v=1752575013,JOPLVSRW5205
JOPLVSRW5204,https://rajnandinifashion.com/cdn/shop/files/JOPLVSRW5204-0_439x.progressive.jpg?v=1752574443,JOPLVSRW5204
JOPLVSRW5203,https://rajnandinifashion.com/cdn/shop/files/JOPLVSRW5203-0_439x.progressive.jpg?v=1752573227,JOPLVSRW5203
JOPLVSRW5202,https://rajnandinifashion.com/cdn/shop/files/JOPLVSRW5202-0_439x.progressive.jpg?v=1752570778,JOPLVSRW5202
JOPLVSRW1164,https://rajnandinifashion.com/cdn/shop/files/Untitled-7_439x.progressive.jpg?v=1752560386,JOPLVSRW1164
JOPLVSRW5177,https://rajnandinifashion.com/cdn/shop/files/JOPLVSRW5177_439x.progressive.jpg?v=1744280791,JOPLVSRW5177
JOPLVSRW5163,https://rajnandinifashion.com/cdn/shop/files/JOPLVSRW5163_439x.progressive.jpg?v=1744280795,JOPLVSRW5163
JOPLVSRW5210,https://rajnandinifashion.com/cdn/shop/files/JOPLVSRW5210_439x.progressive.jpg?v=1744280798,JOPLVSRW5210
JOPLVSRW5209,https://rajnandinifashion.com/cdn/shop/files/JOPLVSRW5209_b0417ff3-0f0e-4dce-a4aa-91d2c541064f_439x.progressive.jpg?v=1754299498,JOPLVSRW5209
joplvsrw5193,https://rajnandinifashion.com/cdn/shop/files/017A9920_494x.progressive.jpg?v=1744280838,joplvsrw5193
joplvsrw4002,https://rajnandinifashion.com/cdn/shop/files/JOPLVSRW4002_1a1dbd07-d489-4433-9d55-7b535ffc77a4_439x.progressive.jpg?v=1744280856,joplvsrw4002
JOPLPDPRW1058,https://rajnandinifashion.com/cdn/shop/files/JOPLPDPRW1058_a449bc06-1c87-4907-b7b6-919a8c65f2b1_494x.progressive.jpg?v=1744280891,JOPLPDPRW1058
joplvsmrw4250,https://rajnandinifashion.com/cdn/shop/files/IMG_7062_439x.progressive.jpg?v=1744281160,joplvsmrw4250
joplvsrw4222,https://rajnandinifashion.com/cdn/shop/files/14_439x.progressive.jpg?v=1744281206,joplvsrw4222
joplvsrw4197,https://rajnandinifashion.com/cdn/shop/files/43_439x.progressive.jpg?v=1744281210,joplvsrw4197
joplvsrw4182,https://rajnandinifashion.com/cdn/shop/files/32_439x.progressive.jpg?v=1744281213,joplvsrw4182
joplvsrw4181,https://rajnandinifashion.com/cdn/shop/files/55_439x.progressive.jpg?v=1744281215,joplvsrw4181
joplvsrw4184,https://rajnandinifashion.com/cdn/shop/files/JOPLVSRW4184_439x.progressive.jpg?v=1744281220,joplvsrw4184
joplltrw2025,https://rajnandinifashion.com/cdn/shop/files/JOPLLTRW2025_439x.progressive.jpg?v=1744281223,joplltrw2025
joplltrw2024,https://rajnandinifashion.com/cdn/shop/files/JOPLLTRW2024_439x.progressive.jpg?v=1744281224,joplltrw2024
joplvsrw5173,https://rajnandinifashion.com/cdn/shop/files/JOPLVSRW5173_24d2fbae-8b08-4238-bfde-12265ec278cc_439x.progressive.jpg?v=1744281242,joplvsrw5173
joplvsrw5175,https://rajnandinifashion.com/cdn/shop/files/JOPLVSRW5175_939c62b6-32ce-42e3-b2ff-032eae5274a4_439x.progressive.jpg?v=1744281244,joplvsrw5175
JOPLVSRW5122,https://rajnandinifashion.com/cdn/shop/files/JOPLVSRW5122X_439x.progressive.jpg?v=1744280932,JOPLVSRW5122
JOPLVSRW4097,https://rajnandinifashion.com/cdn/shop/files/JOPLVSRW4097X_439x.progressive.jpg?v=1744280937,JOPLVSRW4097
JOPLVSRW4082,https://rajnandinifashion.com/cdn/shop/files/JOPLVSRW4082X_439x.progressive.jpg?v=1744280939,JOPLVSRW4082
JOPLVSMRW5159,https://rajnandinifashion.com/cdn/shop/files/JOPLVSMRW5159X_439x.progressive.jpg?v=1744280941,JOPLVSMRW5159
JOPLVSMRW4251,https://rajnandinifashion.com/cdn/shop/files/JOPLVSMRW4251X_439x.progressive.jpg?v=1744280943,JOPLVSMRW4251
JOPLVSMRW4132,https://rajnandinifashion.com/cdn/shop/files/JOPLVSMRW4132X-3_439x.progressive.jpg?v=1744280944,JOPLVSMRW4132
JOPLVSRW1013,https://rajnandinifashion.com/cdn/shop/files/JOPLVSRW1013_02a0739c-2f89-4a05-a127-1c0108d77d25_494x.progressive.jpg?v=1744281064,JOPLVSRW1013
JOPLVSRW5122,https://rajnandinifashion.com/cdn/shop/files/JOPLVSRW5122_dafbe496-492f-4110-ab08-2a304bfe130d_494x.progressive.jpg?v=1744281066,JOPLVSRW5122
JOPLVSRW5171,https://rajnandinifashion.com/cdn/shop/files/JOPLVSRW5171_4d6544c7-5303-49fc-831f-5ff15eb89d60_439x.progressive.jpg?v=1744281068,JOPLVSRW5171
JOPLVSRW4292,https://rajnandinifashion.com/cdn/shop/files/JOPLVSRW4292_2_494x.progressive.jpg?v=1744281073,JOPLVSRW4292
JOPLVSRW4288,https://rajnandinifashion.com/cdn/shop/files/JOPLVSRW4288-1_d7cd6ed1-dcc6-4a53-a5fa-f96276a2c509_439x.progressive.jpg?v=1752569281,JOPLVSRW4288
JOPLVSRW4286,https://rajnandinifashion.com/cdn/shop/files/JOPLVSRW4286_63105892-9c91-4c6b-b0b2-f48327ec7fb9_439x.progressive.jpg?v=1744281081,JOPLVSRW4286
JOPLVSRW4147,https://rajnandinifashion.com/cdn/shop/files/JOPLVSRW4147_2_494x.progressive.jpg?v=1744281083,JOPLVSRW4147
JOPLVSRW4114,https://rajnandinifashion.com/cdn/shop/files/JOPLVSRW4114_516c856e-d066-41ff-9711-53b309b994e7_439x.progressive.jpg?v=1744281090,JOPLVSRW4114
JOPLVSRW4093,https://rajnandinifashion.com/cdn/shop/files/JOPLVSRW4093_bd169a5a-b4bd-4b7d-bc7e-ab1ade664baf_439x.progressive.jpg?v=1744281099,JOPLVSRW4093
JOPLVSRW4091,https://rajnandinifashion.com/cdn/shop/files/JOPLVSRW4091_3915dd7a-0450-430c-aad6-03e42a35a738_494x.progressive.jpg?v=1744281102,JOPLVSRW4091
JOPLVSRW4088,https://rajnandinifashion.com/cdn/shop/files/JOPLVSRW4088_b2481783-9b43-414d-bb43-680017efc149_494x.progressive.jpg?v=1744281104,JOPLVSRW4088
JOPLVSRW4079,https://rajnandinifashion.com/cdn/shop/files/JOPLVSRW4079_d895f284-2235-425e-895f-6e8850b44c47_439x.progressive.jpg?v=1744281108,JOPLVSRW4079
JOPLVSRW4031,https://rajnandinifashion.com/cdn/shop/files/JOPLVSRW4031_4320b3f3-224d-4e7a-a5a1-0553243bc20e_439x.progressive.jpg?v=1744281110,JOPLVSRW4031
JOPLVSRW4005,https://rajnandinifashion.com/cdn/shop/files/JOPLVSRW4005_75a37695-5c21-444a-9d9f-72ded1ec30db_494x.progressive.jpg?v=1744281112,JOPLVSRW4005
JOPLVSRW1167,https://rajnandinifashion.com/cdn/shop/files/JOPLVSRW1167_85f129e4-331a-4ef9-914a-034dd737f7c2_480x.progressive.jpg?v=1744281115,JOPLVSRW1167
JOPLVSRW1163,https://rajnandinifashion.com/cdn/shop/files/JOPLVSRW1163_b5c531c5-a1bb-4a71-9151-965dd44cf116_439x.progressive.jpg?v=1744281119,JOPLVSRW1163
JOPLPDPRW1006,https://rajnandinifashion.com/cdn/shop/files/JOPLPDPRW1006_51c89675-aa19-4402-82e9-5482be501dc9_439x.progressive.jpg?v=1744281121,JOPLPDPRW1006
JOPLVSMRW5160,https://rajnandinifashion.com/cdn/shop/files/JOPLVSMRW5160_e5d34eda-4c2f-4c10-aff9-61999185c62c_439x.progressive.jpg?v=1744281125,JOPLVSMRW5160
JOPLVSMRW5156,https://rajnandinifashion.com/cdn/shop/files/JOPLVSMRW5156_2_485e09d6-df20-4aea-a5f8-af6369951408_494x.progressive.jpg?v=1744281129,JOPLVSMRW5156
JOPLVSMRW5149,https://rajnandinifashion.com/cdn/shop/files/JOPLVSMRW5149_14b4d8e2-e4f7-47b4-b3db-b5eb7143ca56_439x.progressive.jpg?v=1744281133,JOPLVSMRW5149
JOPLVSMRW4285,https://rajnandinifashion.com/cdn/shop/files/JOPLVSMRW4285_0590aefc-d22a-4f0e-8aa8-a5345ebe2b75_494x.progressive.jpg?v=1744281135,JOPLVSMRW4285
JOPLVSMRW4284,https://rajnandinifashion.com/cdn/shop/files/JOPLVSMRW4284_0b6522a9-d3e3-4f92-836c-923167b9bd4b_494x.progressive.jpg?v=1744281138,JOPLVSMRW4284
JOPLLTRW2018,https://rajnandinifashion.com/cdn/shop/files/JOPLLTRW2018_49b78215-2e01-4778-86e5-2dd27f477823_439x.progressive.jpg?v=1744281144,JOPLLTRW2018
JOPLLTRW2017,https://rajnandinifashion.com/cdn/shop/files/JOPLLTRW2017_c7c93715-5707-4fd2-99b8-5fd62e07692c_494x.progressive.jpg?v=1744281146,JOPLLTRW2017
JOPLLTRW2016,https://rajnandinifashion.com/cdn/shop/files/JOPLLTRW2016_104e1aa2-8f49-4f6a-8843-a65d5e24c341_494x.progressive.jpg?v=1744281150,JOPLLTRW2016
JOPLLTRW2015,https://rajnandinifashion.com/cdn/shop/files/JOPLLTRW2015_80e56e01-091d-425b-b047-3323a43a0955_494x.progressive.jpg?v=1744281153,JOPLLTRW2015
JOPLLTRW2013,https://rajnandinifashion.com/cdn/shop/files/JOPLLTRW2013_da12e4de-2e83-417c-b088-2e6063792cc3_494x.progressive.jpg?v=1744281155,JOPLLTRW2013
JOPLLTRW2007,https://rajnandinifashion.com/cdn/shop/files/JOPLLTRW2007_9f1fecda-da83-481a-8f69-1c2dc7eefa9e_494x.progressive.jpg?v=1744281156,JOPLLTRW2007
JOPLVSMRW4281,https://rajnandinifashion.com/cdn/shop/files/JOPLVSMRW4281_75a97b35-c62b-44a1-b9ca-b0be926f264d_439x.progressive.jpg?v=1744281158,JOPLVSMRW4281
JOPLVSMRW3988,https://rajnandinifashion.com/cdn/shop/files/JOPLVSMRW3988_1edd7c12-4389-4467-87f4-90697827d3a3_494x.progressive.jpg?v=1744281257,JOPLVSMRW3988
JOPLVSRW5172,https://rajnandinifashion.com/cdn/shop/files/JOPLVSRW5172_1d83e035-804e-49f5-8401-fd0e380eb9bb_439x.progressive.jpg?v=1754299450,JOPLVSRW5172
JOPLVSM4290,https://rajnandinifashion.com/cdn/shop/files/JOPLVSM4290_439x.progressive.jpg?v=1754299398,JOPLVSM4290
JOPLVSRW4096,https://rajnandinifashion.com/cdn/shop/files/JOPLVSRW4096_e363279e-faac-44c1-9150-615d9fb6d670_494x.progressive.jpg?v=1744281743,JOPLVSRW4096
JOPLVSRW5169,https://rajnandinifashion.com/cdn/shop/files/JOPLVSRW5169_79cccd60-5865-4a1e-938d-ec3d1d5271c4_450x.progressive.jpg?v=1744281773,JOPLVSRW5169
JOPLVSRW4294,https://rajnandinifashion.com/cdn/shop/files/JOPLVSRW4294_029c9f8b-5060-4da0-825b-6070a9713e06_450x.progressive.jpg?v=1744281778,JOPLVSRW4294
JOPLVSMRW5164,https://rajnandinifashion.com/cdn/shop/files/JOPLVSMRW5164_439x.progressive.jpg?v=1744281781,JOPLVSMRW5164
JOPLLTRW2002,https://rajnandinifashion.com/cdn/shop/files/JOPLLTRW2002_14_450x.progressive.jpg?v=1744281966,JOPLLTRW2002
JOPLVSMRW4277,https://rajnandinifashion.com/cdn/shop/files/JOPLVSMRW4277_37_450x.progressive.jpg?v=1744281973,JOPLVSMRW4277
JOPLRTW4267,https://rajnandinifashion.com/cdn/shop/files/JOPLRTW4267_3_500x.progressive.jpg?v=1744281981,JOPLRTW4267
JOPLMSF1515,https://rajnandinifashion.com/cdn/shop/files/JOPLMSF1515_11_450x.progressive.jpg?v=1744282046,JOPLMSF1515
JOPLJPR4004,https://rajnandinifashion.com/cdn/shop/files/JOPLJPR4005_439x.progressive.jpg?v=1744281447,JOPLJPR4004
JOPLST703,https://rajnandinifashion.com/cdn/shop/files/JOPLST703_45ff7353-510c-43a5-9256-0b56944e70af_494x.progressive.jpg?v=1744280806,JOPLST703
JOPLJPR4053,https://rajnandinifashion.com/cdn/shop/files/JOPLJPR4053_439x.progressive.jpg?v=1737708371,JOPLJPR4053
JOPLJPR4052,https://rajnandinifashion.com/cdn/shop/files/JOPLJPR4052_439x.progressive.jpg?v=1737708721,JOPLJPR4052
JOPLJPR4056,https://rajnandinifashion.com/cdn/shop/files/JOPLJPR4056_439x.progressive.jpg?v=1744280988,JOPLJPR4056
JOPLJPR4051,https://rajnandinifashion.com/cdn/shop/files/JOPLJPR4051-4_439x.progressive.jpg?v=1744280990,JOPLJPR4051
JOPLST744,https://rajnandinifashion.com/cdn/shop/files/JOPLST744-5_439x.progressive.jpg?v=1744281037,JOPLST744
JOPLST743,https://rajnandinifashion.com/cdn/shop/files/JOPLST743-4_439x.progressive.jpg?v=1744281038,JOPLST743
JOPLJPR4049,https://rajnandinifashion.com/cdn/shop/files/JOPLJPR4049-4_439x.progressive.jpg?v=1744281046,JOPLJPR4049
JOPLST503,https://rajnandinifashion.com/cdn/shop/files/JOPLST503-4_439x.progressive.jpg?v=1744281049,JOPLST503
JOPLJPR4036,https://rajnandinifashion.com/cdn/shop/files/JOPLJPR4036-3_494x.progressive.jpg?v=1744281174,JOPLJPR4036
JOPLJPR4035,https://rajnandinifashion.com/cdn/shop/files/JOPLJPR4035-3_494x.progressive.jpg?v=1744281175,JOPLJPR4035
JOPLJPR4041,https://rajnandinifashion.com/cdn/shop/files/JOPLJPR4041_439x.progressive.jpg?v=1744281354,JOPLJPR4041
JOPLJPR4040,https://rajnandinifashion.com/cdn/shop/files/JOPLJPR4040_439x.progressive.jpg?v=1744281356,JOPLJPR4040
JOPLST739,https://rajnandinifashion.com/cdn/shop/files/JOPLST739-4_494x.progressive.jpg?v=1744281361,JOPLST739
JOPLST738,https://rajnandinifashion.com/cdn/shop/files/JOPLST738-5_494x.progressive.jpg?v=1744281362,JOPLST738
JOPLST736,https://rajnandinifashion.com/cdn/shop/files/JOPLST736_494x.progressive.jpg?v=1744281365,JOPLST736
JOPLST734,https://rajnandinifashion.com/cdn/shop/files/JOPLST734_494x.progressive.jpg?v=1744281367,JOPLST734
JOPLJPR4034,https://rajnandinifashion.com/cdn/shop/files/JOPLJPR4034_494x.progressive.jpg?v=1744281368,JOPLJPR4034
JOPLJPR4033,https://rajnandinifashion.com/cdn/shop/files/JOPLJPR4033_494x.progressive.jpg?v=1744281369,JOPLJPR4033
JOPLJPR4032,https://rajnandinifashion.com/cdn/shop/files/JOPLJPR4032_494x.progressive.jpg?v=1744281371,JOPLJPR4032
JOPLJPR4031,https://rajnandinifashion.com/cdn/shop/files/JOPLJPR4031_494x.progressive.jpg?v=1744281372,JOPLJPR4031
JOPLST733,https://rajnandinifashion.com/cdn/shop/files/JOPLST733_439x.progressive.jpg?v=1744281373,JOPLST733
JOPLST732,https://rajnandinifashion.com/cdn/shop/files/JOPLST732_494x.progressive.jpg?v=1744281374,JOPLST732
JOPLST730,https://rajnandinifashion.com/cdn/shop/files/JOPLST730_494x.progressive.jpg?v=1744281376,JOPLST730
JOPLST729,https://rajnandinifashion.com/cdn/shop/files/JOPLST729_494x.progressive.jpg?v=1744281377,JOPLST729
JOPLST728,https://rajnandinifashion.com/cdn/shop/files/JOPLST728_494x.progressive.jpg?v=1744281379,JOPLST728
JOPLST727,https://rajnandinifashion.com/cdn/shop/files/JOPLST727_494x.progressive.jpg?v=1744281380,JOPLST727
JOPLST726,https://rajnandinifashion.com/cdn/shop/files/JOPLST726_494x.progressive.jpg?v=1744281381,JOPLST726
JOPLST725,https://rajnandinifashion.com/cdn/shop/files/JOPLST725_494x.progressive.jpg?v=1744281382,JOPLST725
JOPLST723,https://rajnandinifashion.com/cdn/shop/files/JOPLST723_494x.progressive.jpg?v=1744281384,JOPLST723
JOPLST722,https://rajnandinifashion.com/cdn/shop/files/JOPLST722_494x.progressive.jpg?v=1744281385,JOPLST722
JOPLST720,https://rajnandinifashion.com/cdn/shop/files/JOPLST720_494x.progressive.jpg?v=1744281387,JOPLST720
JOPLST716,https://rajnandinifashion.com/cdn/shop/files/JOPLST716_494x.progressive.jpg?v=1744281392,JOPLST716
JOPLST713,https://rajnandinifashion.com/cdn/shop/files/JOPLST713_494x.progressive.jpg?v=1744281395,JOPLST713
JOPLST712,https://rajnandinifashion.com/cdn/shop/files/JOPLST712_494x.progressive.jpg?v=1744281396,JOPLST712
JOPLJPR4030,https://rajnandinifashion.com/cdn/shop/files/JOPLJPR4030_494x.progressive.jpg?v=1744281398,JOPLJPR4030
JOPLJPR4028,https://rajnandinifashion.com/cdn/shop/files/JOPLJPR4028_439x.progressive.jpg?v=1744281401,JOPLJPR4028
JOPLJPR4027,https://rajnandinifashion.com/cdn/shop/files/JOPLJPR4027_439x.progressive.jpg?v=1744281402,JOPLJPR4027
JOPLJPR4026,https://rajnandinifashion.com/cdn/shop/files/JOPLJPR4026_439x.progressive.jpg?v=1744281404,JOPLJPR4026
JOPLJPR4025,https://rajnandinifashion.com/cdn/shop/files/JOPLJPR4025_439x.progressive.jpg?v=1744281405,JOPLJPR4025
JOPLJPR4023,https://rajnandinifashion.com/cdn/shop/files/JOPLJPR4023_439x.progressive.jpg?v=1744281407,JOPLJPR4023
JOPLJPR4022,https://rajnandinifashion.com/cdn/shop/files/JOPLJPR4022_439x.progressive.jpg?v=1744281408,JOPLJPR4022
JOPLJPR4021,https://rajnandinifashion.com/cdn/shop/files/JOPLJPR4021_439x.progressive.jpg?v=1744281409,JOPLJPR4021
JOPLJPR4020,https://rajnandinifashion.com/cdn/shop/files/JOPLJPR4020_439x.progressive.jpg?v=1744281410,JOPLJPR4020
JOPLJPR4019,https://rajnandinifashion.com/cdn/shop/files/JOPLJPR4019_439x.progressive.jpg?v=1744281415,JOPLJPR4019
JOPLJPR4018,https://rajnandinifashion.com/cdn/shop/files/JOPLJPR4018_439x.progressive.jpg?v=1744281417,JOPLJPR4018
JOPLJPR4016,https://rajnandinifashion.com/cdn/shop/files/JOPLJPR4016_439x.progressive.jpg?v=1744281420,JOPLJPR4016
JOPLJPR4015,https://rajnandinifashion.com/cdn/shop/files/JOPLJPR4015_439x.progressive.jpg?v=1744281421,JOPLJPR4015
JOPLJPR4013,https://rajnandinifashion.com/cdn/shop/files/JOPLJPR4013_439x.progressive.jpg?v=1744281425,JOPLJPR4013
JOPLJPR4012,https://rajnandinifashion.com/cdn/shop/files/JOPLJPR4012_439x.progressive.jpg?v=1744281426,JOPLJPR4012
JOPLJPR4011,https://rajnandinifashion.com/cdn/shop/files/JOPLJPR4011_439x.progressive.jpg?v=1744281428,JOPLJPR4011
JOPLJPR4010,https://rajnandinifashion.com/cdn/shop/files/JOPLJPR4010_439x.progressive.jpg?v=1744281435,JOPLJPR4010
JOPLJPR4009,https://rajnandinifashion.com/cdn/shop/files/JOPLJPR4009_439x.progressive.jpg?v=1744281437,JOPLJPR4009
JOPLJPR4008,https://rajnandinifashion.com/cdn/shop/files/JOPLJPR4008_439x.progressive.jpg?v=1744281438,JOPLJPR4008
JOPLJPR4007,https://rajnandinifashion.com/cdn/shop/files/JOPLJPR4007_439x.progressive.jpg?v=1744281440,JOPLJPR4007
JOPLJPR4006,https://rajnandinifashion.com/cdn/shop/files/JOPLJPR4006_439x.progressive.jpg?v=1744281446,JOPLJPR4006
JOPLJPR4005,https://rajnandinifashion.com/cdn/shop/files/JOPLJPR4005_439x.progressive.jpg?v=1744281447,JOPLJPR4005
JOPLJPR4003,https://rajnandinifashion.com/cdn/shop/files/JOPLJPR4003_439x.progressive.jpg?v=1744281450,JOPLJPR4003
JOPLJPR4002,https://rajnandinifashion.com/cdn/shop/files/JOPLJPR4002_439x.progressive.jpg?v=1744281452,JOPLJPR4002
JOPLJPR4001,https://rajnandinifashion.com/cdn/shop/files/JOPLJPR4001_439x.progressive.jpg?v=1744281454,JOPLJPR4001
JOPLST703,https://rajnandinifashion.com/cdn/shop/files/JOPLST703_439x.progressive.jpg?v=1744281455,JOPLST703
JOPLJPR775,https://rajnandinifashion.com/cdn/shop/files/JOPLJPR775-1_439x.progressive.jpg?v=1744281518,JOPLJPR775
JPR523,https://rajnandinifashion.com/cdn/shop/files/JOPLJPR523-5_439x.progressive.jpg?v=1755157973,JOPLJPR523
JPR522,https://rajnandinifashion.com/cdn/shop/files/JOPLJPR522-3_439x.progressive.jpg?v=1752927269,JOPLJPR522
JPR521,https://rajnandinifashion.com/cdn/shop/files/JOPLJPR521_439x.jpg,JOPLJPR521
JPR520,https://rajnandinifashion.com/cdn/shop/files/JOPLJPR520_439x.progressive.jpg?v=1750406549,JOPLJPR520
JPR519,https://rajnandinifashion.com/cdn/shop/files/JOPLJPR519_439x.progressive.jpg?v=1750405581,JOPLJPR519
JPR518,https://rajnandinifashion.com/cdn/shop/files/JOPLJPR518_3177898e-0334-461f-92dd-92e29b7cdc4c_439x.progressive.jpg?v=1754298718,JOPLJPR518
JPR517,https://rajnandinifashion.com/cdn/shop/files/JOPLJPR517_439x.progressive.jpg?v=1744457845,JOPLJPR517
JPR516,https://rajnandinifashion.com/cdn/shop/files/JOPLJPR516_439x.progressive.jpg?v=1744457859,JOPLJPR516
JPR515,https://rajnandinifashion.com/cdn/shop/files/JOPLJPR515_439x.progressive.jpg?v=1744457871,JOPLJPR515
JPR513,https://rajnandinifashion.com/cdn/shop/files/JOPLJPR513_439x.progressive.jpg?v=1754298668,JOPLJPR513
JPR509,https://rajnandinifashion.com/cdn/shop/files/JOPLJPR509_10_450x.progressive.jpg?v=1744281802,JOPLJPR509
JPR508,https://rajnandinifashion.com/cdn/shop/files/JOPLJPR508_6_450x.progressive.jpg?v=1744281803,JOPLJPR508
JPR506,https://rajnandinifashion.com/cdn/shop/files/JPR506_8_450x.progressive.jpg?v=1744281821,JOPLJPR506
RW5220,https://rajnandinifashion.com/cdn/shop/files/JOPLVSRW5220-7_494x.progressive.jpg?v=1752651608,JOPLRW5220
RW5218,https://rajnandinifashion.com/cdn/shop/files/JOPLVSRW5218_bacb2a79-0279-4eac-bc90-0b463bf5c8da_439x.progressive.jpg?v=1752650067,JOPLRW5218
RW5217,https://rajnandinifashion.com/cdn/shop/files/JOPLVSRW5217-0_439x.progressive.jpg?v=1752649765,JOPLRW5217
RW5216,https://rajnandinifashion.com/cdn/shop/files/JOPLVSRW5216-0_439x.progressive.jpg?v=1752649379,JOPLRW5216
RW5214,https://rajnandinifashion.com/cdn/shop/files/JOPLVSRW5214-4_9d9bb60f-0888-4efd-968f-caf2ff10f4b3_439x.progressive.jpg?v=1752648707,JOPLRW5214
RW5213,https://rajnandinifashion.com/cdn/shop/files/JOPLVSRW5213-4_0aa48ca7-50fd-49ca-a999-5f9ed074d139_439x.progressive.jpg?v=1752648388,JOPLRW5213
RW5212,https://rajnandinifashion.com/cdn/shop/files/JOPLVSRW5212-4_8ce5b8cc-5a32-4e02-b5d3-03a767f76a1d_439x.progressive.jpg?v=1752647523,JOPLRW5212
RW5211,https://rajnandinifashion.com/cdn/shop/files/JOPLVSRW5211-7_439x.progressive.jpg?v=1752647041,JOPLRW5211
RW5208,https://rajnandinifashion.com/cdn/shop/files/JOPLVSRW5208-0_439x.progressive.jpg?v=1752582634,JOPLRW5208
RW5207,https://rajnandinifashion.com/cdn/shop/files/JOPLVSRW5207-0_439x.progressive.jpg?v=1752582008,JOPLRW5207
RW5206,https://rajnandinifashion.com/cdn/shop/files/JOPLVSRW5206-0_439x.progressive.jpg?v=1752581541,JOPLRW5206
RW5205,https://rajnandinifashion.com/cdn/shop/files/JOPLVSRW5205-1_2e9adef7-3304-49b9-9a70-460bfbe44c43_439x.progressive.jpg?v=1752575013,JOPLRW5205
RW5204,https://rajnandinifashion.com/cdn/shop/files/JOPLVSRW5204-0_439x.progressive.jpg?v=1752574443,JOPLRW5204
RW5203,https://rajnandinifashion.com/cdn/shop/files/JOPLVSRW5203-0_439x.progressive.jpg?v=1752573227,JOPLRW5203
RW5202,https://rajnandinifashion.com/cdn/shop/files/JOPLVSRW5202-0_439x.progressive.jpg?v=1752570778,JOPLRW5202
RW1164,https://rajnandinifashion.com/cdn/shop/files/Untitled-7_439x.progressive.jpg?v=1752560386,JOPLRW1164
RW5177,https://rajnandinifashion.com/cdn/shop/files/JOPLVSRW5177_439x.progressive.jpg?v=1744280791,JOPLRW5177
RW5163,https://rajnandinifashion.com/cdn/shop/files/JOPLVSRW5163_439x.progressive.jpg?v=1744280795,JOPLRW5163
RW5210,https://rajnandinifashion.com/cdn/shop/files/JOPLVSRW5210_439x.progressive.jpg?v=1744280798,JOPLRW5210
RW5209,https://rajnandinifashion.com/cdn/shop/files/JOPLVSRW5209_b0417ff3-0f0e-4dce-a4aa-91d2c541064f_439x.progressive.jpg?v=1754299498,JOPLRW5209
RW5193,https://rajnandinifashion.com/cdn/shop/files/017A9920_494x.progressive.jpg?v=1744280838,JOPLRW5193
RW4002,https://rajnandinifashion.com/cdn/shop/files/JOPLVSRW4002_1a1dbd07-d489-4433-9d55-7b535ffc77a4_439x.progressive.jpg?v=1744280856,JOPLRW4002
RW1058,https://rajnandinifashion.com/cdn/shop/files/JOPLPDPRW1058_a449bc06-1c87-4907-b7b6-919a8c65f2b1_494x.progressive.jpg?v=1744280891,JOPLRW1058
RW4250,https://rajnandinifashion.com/cdn/shop/files/IMG_7062_439x.progressive.jpg?v=1744281160,JOPLRW4250
RW4222,https://rajnandinifashion.com/cdn/shop/files/14_439x.progressive.jpg?v=1744281206,JOPLRW4222
RW4197,https://rajnandinifashion.com/cdn/shop/files/43_439x.progressive.jpg?v=1744281210,JOPLRW4197
RW4182,https://rajnandinifashion.com/cdn/shop/files/32_439x.progressive.jpg?v=1744281213,JOPLRW4182
RW4181,https://rajnandinifashion.com/cdn/shop/files/55_439x.progressive.jpg?v=1744281215,JOPLRW4181
RW4184,https://rajnandinifashion.com/cdn/shop/files/JOPLVSRW4184_439x.progressive.jpg?v=1744281220,JOPLRW4184
RW2025,https://rajnandinifashion.com/cdn/shop/files/JOPLLTRW2025_439x.progressive.jpg?v=1744281223,JOPLRW2025
RW2024,https://rajnandinifashion.com/cdn/shop/files/JOPLLTRW2024_439x.progressive.jpg?v=1744281224,JOPLRW2024
RW5173,https://rajnandinifashion.com/cdn/shop/files/JOPLVSRW5173_24d2fbae-8b08-4238-bfde-12265ec278cc_439x.progressive.jpg?v=1744281242,JOPLRW5173
RW5175,https://rajnandinifashion.com/cdn/shop/files/JOPLVSRW5175_939c62b6-32ce-42e3-b2ff-032eae5274a4_439x.progressive.jpg?v=1744281244,JOPLRW5175
RW5122,https://rajnandinifashion.com/cdn/shop/files/JOPLVSRW5122X_439x.progressive.jpg?v=1744280932,JOPLRW5122
RW4097,https://rajnandinifashion.com/cdn/shop/files/JOPLVSRW4097X_439x.progressive.jpg?v=1744280937,JOPLRW4097
RW4082,https://rajnandinifashion.com/cdn/shop/files/JOPLVSRW4082X_439x.progressive.jpg?v=1744280939,JOPLRW4082
RW5159,https://rajnandinifashion.com/cdn/shop/files/JOPLVSMRW5159X_439x.progressive.jpg?v=1744280941,JOPLRW5159
RW4251,https://rajnandinifashion.com/cdn/shop/files/JOPLVSMRW4251X_439x.progressive.jpg?v=1744280943,JOPLRW4251
RW4132,https://rajnandinifashion.com/cdn/shop/files/JOPLVSMRW4132X-3_439x.progressive.jpg?v=1744280944,JOPLRW4132
RW1013,https://rajnandinifashion.com/cdn/shop/files/JOPLVSRW1013_02a0739c-2f89-4a05-a127-1c0108d77d25_494x.progressive.jpg?v=1744281064,JOPLRW1013
RW5122,https://rajnandinifashion.com/cdn/shop/files/JOPLVSRW5122_dafbe496-492f-4110-ab08-2a304bfe130d_494x.progressive.jpg?v=1744281066,JOPLRW5122
RW5171,https://rajnandinifashion.com/cdn/shop/files/JOPLVSRW5171_4d6544c7-5303-49fc-831f-5ff15eb89d60_439x.progressive.jpg?v=1744281068,JOPLRW5171
RW4292,https://rajnandinifashion.com/cdn/shop/files/JOPLVSRW4292_2_494x.progressive.jpg?v=1744281073,JOPLRW4292
RW4288,https://rajnandinifashion.com/cdn/shop/files/JOPLVSRW4288-1_d7cd6ed1-dcc6-4a53-a5fa-f96276a2c509_439x.progressive.jpg?v=1752569281,JOPLRW4288
RW4286,https://rajnandinifashion.com/cdn/shop/files/JOPLVSRW4286_63105892-9c91-4c6b-b0b2-f48327ec7fb9_439x.progressive.jpg?v=1744281081,JOPLRW4286
RW4147,https://rajnandinifashion.com/cdn/shop/files/JOPLVSRW4147_2_494x.progressive.jpg?v=1744281083,JOPLRW4147
RW4114,https://rajnandinifashion.com/cdn/shop/files/JOPLVSRW4114_516c856e-d066-41ff-9711-53b309b994e7_439x.progressive.jpg?v=1744281090,JOPLRW4114
RW4093,https://rajnandinifashion.com/cdn/shop/files/JOPLVSRW4093_bd169a5a-b4bd-4b7d-bc7e-ab1ade664baf_439x.progressive.jpg?v=1744281099,JOPLRW4093
RW4091,https://rajnandinifashion.com/cdn/shop/files/JOPLVSRW4091_3915dd7a-0450-430c-aad6-03e42a35a738_494x.progressive.jpg?v=1744281102,JOPLRW4091
RW4088,https://rajnandinifashion.com/cdn/shop/files/JOPLVSRW4088_b2481783-9b43-414d-bb43-680017efc149_494x.progressive.jpg?v=1744281104,JOPLRW4088
RW4079,https://rajnandinifashion.com/cdn/shop/files/JOPLVSRW4079_d895f284-2235-425e-895f-6e8850b44c47_439x.progressive.jpg?v=1744281108,JOPLRW4079
RW4031,https://rajnandinifashion.com/cdn/shop/files/JOPLVSRW4031_4320b3f3-224d-4e7a-a5a1-0553243bc20e_439x.progressive.jpg?v=1744281110,JOPLRW4031
RW4005,https://rajnandinifashion.com/cdn/shop/files/JOPLVSRW4005_75a37695-5c21-444a-9d9f-72ded1ec30db_494x.progressive.jpg?v=1744281112,JOPLRW4005
RW1167,https://rajnandinifashion.com/cdn/shop/files/JOPLVSRW1167_85f129e4-331a-4ef9-914a-034dd737f7c2_480x.progressive.jpg?v=1744281115,JOPLRW1167
RW1163,https://rajnandinifashion.com/cdn/shop/files/JOPLVSRW1163_b5c531c5-a1bb-4a71-9151-965dd44cf116_439x.progressive.jpg?v=1744281119,JOPLRW1163
RW1006,https://rajnandinifashion.com/cdn/shop/files/JOPLPDPRW1006_51c89675-aa19-4402-82e9-5482be501dc9_439x.progressive.jpg?v=1744281121,JOPLRW1006
RW5160,https://rajnandinifashion.com/cdn/shop/files/JOPLVSMRW5160_e5d34eda-4c2f-4c10-aff9-61999185c62c_439x.progressive.jpg?v=1744281125,JOPLRW5160
RW5156,https://rajnandinifashion.com/cdn/shop/files/JOPLVSMRW5156_2_485e09d6-df20-4aea-a5f8-af6369951408_494x.progressive.jpg?v=1744281129,JOPLRW5156
RW5149,https://rajnandinifashion.com/cdn/shop/files/JOPLVSMRW5149_14b4d8e2-e4f7-47b4-b3db-b5eb7143ca56_439x.progressive.jpg?v=1744281133,JOPLRW5149
RW4285,https://rajnandinifashion.com/cdn/shop/files/JOPLVSMRW4285_0590aefc-d22a-4f0e-8aa8-a5345ebe2b75_494x.progressive.jpg?v=1744281135,JOPLRW4285
RW4284,https://rajnandinifashion.com/cdn/shop/files/JOPLVSMRW4284_0b6522a9-d3e3-4f92-836c-923167b9bd4b_494x.progressive.jpg?v=1744281138,JOPLRW4284
RW2018,https://rajnandinifashion.com/cdn/shop/files/JOPLLTRW2018_49b78215-2e01-4778-86e5-2dd27f477823_439x.progressive.jpg?v=1744281144,JOPLRW2018
RW2017,https://rajnandinifashion.com/cdn/shop/files/JOPLLTRW2017_c7c93715-5707-4fd2-99b8-5fd62e07692c_494x.progressive.jpg?v=1744281146,JOPLRW2017
RW2016,https://rajnandinifashion.com/cdn/shop/files/JOPLLTRW2016_104e1aa2-8f49-4f6a-8843-a65d5e24c341_494x.progressive.jpg?v=1744281150,JOPLRW2016
RW2015,https://rajnandinifashion.com/cdn/shop/files/JOPLLTRW2015_80e56e01-091d-425b-b047-3323a43a0955_494x.progressive.jpg?v=1744281153,JOPLRW2015
RW2013,https://rajnandinifashion.com/cdn/shop/files/JOPLLTRW2013_da12e4de-2e83-417c-b088-2e6063792cc3_494x.progressive.jpg?v=1744281155,JOPLRW2013
RW2007,https://rajnandinifashion.com/cdn/shop/files/JOPLLTRW2007_9f1fecda-da83-481a-8f69-1c2dc7eefa9e_494x.progressive.jpg?v=1744281156,JOPLRW2007
RW4281,https://rajnandinifashion.com/cdn/shop/files/JOPLVSMRW4281_75a97b35-c62b-44a1-b9ca-b0be926f264d_439x.progressive.jpg?v=1744281158,JOPLRW4281
RW3988,https://rajnandinifashion.com/cdn/shop/files/JOPLVSMRW3988_1edd7c12-4389-4467-87f4-90697827d3a3_494x.progressive.jpg?v=1744281257,JOPLRW3988
RW5172,https://rajnandinifashion.com/cdn/shop/files/JOPLVSRW5172_1d83e035-804e-49f5-8401-fd0e380eb9bb_439x.progressive.jpg?v=1754299450,JOPLRW5172
VSM4290,https://rajnandinifashion.com/cdn/shop/files/JOPLVSM4290_439x.progressive.jpg?v=1754299398,JOPLVSM4290
RW4096,https://rajnandinifashion.com/cdn/shop/files/JOPLVSRW4096_e363279e-faac-44c1-9150-615d9fb6d670_494x.progressive.jpg?v=1744281743,JOPLRW4096
RW5169,https://rajnandinifashion.com/cdn/shop/files/JOPLVSRW5169_79cccd60-5865-4a1e-938d-ec3d1d5271c4_450x.progressive.jpg?v=1744281773,JOPLRW5169
RW4294,https://rajnandinifashion.com/cdn/shop/files/JOPLVSRW4294_029c9f8b-5060-4da0-825b-6070a9713e06_450x.progressive.jpg?v=1744281778,JOPLRW4294
RW5164,https://rajnandinifashion.com/cdn/shop/files/JOPLVSMRW5164_439x.progressive.jpg?v=1744281781,JOPLRW5164
RW2002,https://rajnandinifashion.com/cdn/shop/files/JOPLLTRW2002_14_450x.progressive.jpg?v=1744281966,JOPLRW2002
RW4277,https://rajnandinifashion.com/cdn/shop/files/JOPLVSMRW4277_37_450x.progressive.jpg?v=1744281973,JOPLRW4277
RTW4267,https://rajnandinifashion.com/cdn/shop/files/JOPLRTW4267_3_500x.progressive.jpg?v=1744281981,JOPLRTW4267
MSF1515,https://rajnandinifashion.com/cdn/shop/files/JOPLMSF1515_11_450x.progressive.jpg?v=1744282046,JOPLMSF1515
JPR4004,https://rajnandinifashion.com/cdn/shop/files/JOPLJPR4005_439x.progressive.jpg?v=1744281447,JOPLJPR4004
ST703,https://rajnandinifashion.com/cdn/shop/files/JOPLST703_45ff7353-510c-43a5-9256-0b56944e70af_494x.progressive.jpg?v=1744280806,JOPLST703
JPR4053,https://rajnandinifashion.com/cdn/shop/files/JOPLJPR4053_439x.progressive.jpg?v=1737708371,JOPLJPR4053
JPR4052,https://rajnandinifashion.com/cdn/shop/files/JOPLJPR4052_439x.progressive.jpg?v=1737708721,JOPLJPR4052
JPR4056,https://rajnandinifashion.com/cdn/shop/files/JOPLJPR4056_439x.progressive.jpg?v=1744280988,JOPLJPR4056
JPR4051,https://rajnandinifashion.com/cdn/shop/files/JOPLJPR4051-4_439x.progressive.jpg?v=1744280990,JOPLJPR4051
ST744,https://rajnandinifashion.com/cdn/shop/files/JOPLST744-5_439x.progressive.jpg?v=1744281037,JOPLST744
ST743,https://rajnandinifashion.com/cdn/shop/files/JOPLST743-4_439x.progressive.jpg?v=1744281038,JOPLST743
JPR4049,https://rajnandinifashion.com/cdn/shop/files/JOPLJPR4049-4_439x.progressive.jpg?v=1744281046,JOPLJPR4049
ST503,https://rajnandinifashion.com/cdn/shop/files/JOPLST503-4_439x.progressive.jpg?v=1744281049,JOPLST503
JPR4036,https://rajnandinifashion.com/cdn/shop/files/JOPLJPR4036-3_494x.progressive.jpg?v=1744281174,JOPLJPR4036
JPR4035,https://rajnandinifashion.com/cdn/shop/files/JOPLJPR4035-3_494x.progressive.jpg?v=1744281175,JOPLJPR4035
JPR4041,https://rajnandinifashion.com/cdn/shop/files/JOPLJPR4041_439x.progressive.jpg?v=1744281354,JOPLJPR4041
JPR4040,https://rajnandinifashion.com/cdn/shop/files/JOPLJPR4040_439x.progressive.jpg?v=1744281356,JOPLJPR4040
ST739,https://rajnandinifashion.com/cdn/shop/files/JOPLST739-4_494x.progressive.jpg?v=1744281361,JOPLST739
ST738,https://rajnandinifashion.com/cdn/shop/files/JOPLST738-5_494x.progressive.jpg?v=1744281362,JOPLST738
ST736,https://rajnandinifashion.com/cdn/shop/files/JOPLST736_494x.progressive.jpg?v=1744281365,JOPLST736
ST734,https://rajnandinifashion.com/cdn/shop/files/JOPLST734_494x.progressive.jpg?v=1744281367,JOPLST734
JPR4034,https://rajnandinifashion.com/cdn/shop/files/JOPLJPR4034_494x.progressive.jpg?v=1744281368,JOPLJPR4034
JPR4033,https://rajnandinifashion.com/cdn/shop/files/JOPLJPR4033_494x.progressive.jpg?v=1744281369,JOPLJPR4033
JPR4032,https://rajnandinifashion.com/cdn/shop/files/JOPLJPR4032_494x.progressive.jpg?v=1744281371,JOPLJPR4032
JPR4031,https://rajnandinifashion.com/cdn/shop/files/JOPLJPR4031_494x.progressive.jpg?v=1744281372,JOPLJPR4031
ST733,https://rajnandinifashion.com/cdn/shop/files/JOPLST733_439x.progressive.jpg?v=1744281373,JOPLST733
ST732,https://rajnandinifashion.com/cdn/shop/files/JOPLST732_494x.progressive.jpg?v=1744281374,JOPLST732
ST730,https://rajnandinifashion.com/cdn/shop/files/JOPLST730_494x.progressive.jpg?v=1744281376,JOPLST730
ST729,https://rajnandinifashion.com/cdn/shop/files/JOPLST729_494x.progressive.jpg?v=1744281377,JOPLST729
ST728,https://rajnandinifashion.com/cdn/shop/files/JOPLST728_494x.progressive.jpg?v=1744281379,JOPLST728
ST727,https://rajnandinifashion.com/cdn/shop/files/JOPLST727_494x.progressive.jpg?v=1744281380,JOPLST727
ST726,https://rajnandinifashion.com/cdn/shop/files/JOPLST726_494x.progressive.jpg?v=1744281381,JOPLST726
ST725,https://rajnandinifashion.com/cdn/shop/files/JOPLST725_494x.progressive.jpg?v=1744281382,JOPLST725
ST723,https://rajnandinifashion.com/cdn/shop/files/JOPLST723_494x.progressive.jpg?v=1744281384,JOPLST723
ST722,https://rajnandinifashion.com/cdn/shop/files/JOPLST722_494x.progressive.jpg?v=1744281385,JOPLST722
ST720,https://rajnandinifashion.com/cdn/shop/files/JOPLST720_494x.progressive.jpg?v=1744281387,JOPLST720
ST716,https://rajnandinifashion.com/cdn/shop/files/JOPLST716_494x.progressive.jpg?v=1744281392,JOPLST716
ST713,https://rajnandinifashion.com/cdn/shop/files/JOPLST713_494x.progressive.jpg?v=1744281395,JOPLST713
ST712,https://rajnandinifashion.com/cdn/shop/files/JOPLST712_494x.progressive.jpg?v=1744281396,JOPLST712
JPR4030,https://rajnandinifashion.com/cdn/shop/files/JOPLJPR4030_494x.progressive.jpg?v=1744281398,JOPLJPR4030
JPR4028,https://rajnandinifashion.com/cdn/shop/files/JOPLJPR4028_439x.progressive.jpg?v=1744281401,JOPLJPR4028
JPR4027,https://rajnandinifashion.com/cdn/shop/files/JOPLJPR4027_439x.progressive.jpg?v=1744281402,JOPLJPR4027
JPR4026,https://rajnandinifashion.com/cdn/shop/files/JOPLJPR4026_439x.progressive.jpg?v=1744281404,JOPLJPR4026
JPR4025,https://rajnandinifashion.com/cdn/shop/files/JOPLJPR4025_439x.progressive.jpg?v=1744281405,JOPLJPR4025
JPR4023,https://rajnandinifashion.com/cdn/shop/files/JOPLJPR4023_439x.progressive.jpg?v=1744281407,JOPLJPR4023
JPR4022,https://rajnandinifashion.com/cdn/shop/files/JOPLJPR4022_439x.progressive.jpg?v=1744281408,JOPLJPR4022
JPR4021,https://rajnandinifashion.com/cdn/shop/files/JOPLJPR4021_439x.progressive.jpg?v=1744281409,JOPLJPR4021
JPR4020,https://rajnandinifashion.com/cdn/shop/files/JOPLJPR4020_439x.progressive.jpg?v=1744281410,JOPLJPR4020
JPR4019,https://rajnandinifashion.com/cdn/shop/files/JOPLJPR4019_439x.progressive.jpg?v=1744281415,JOPLJPR4019
JPR4018,https://rajnandinifashion.com/cdn/shop/files/JOPLJPR4018_439x.progressive.jpg?v=1744281417,JOPLJPR4018
JPR4016,https://rajnandinifashion.com/cdn/shop/files/JOPLJPR4016_439x.progressive.jpg?v=1744281420,JOPLJPR4016
JPR4015,https://rajnandinifashion.com/cdn/shop/files/JOPLJPR4015_439x.progressive.jpg?v=1744281421,JOPLJPR4015
JPR4013,https://rajnandinifashion.com/cdn/shop/files/JOPLJPR4013_439x.progressive.jpg?v=1744281425,JOPLJPR4013
JPR4012,https://rajnandinifashion.com/cdn/shop/files/JOPLJPR4012_439x.progressive.jpg?v=1744281426,JOPLJPR4012
JPR4011,https://rajnandinifashion.com/cdn/shop/files/JOPLJPR4011_439x.progressive.jpg?v=1744281428,JOPLJPR4011
JPR4010,https://rajnandinifashion.com/cdn/shop/files/JOPLJPR4010_439x.progressive.jpg?v=1744281435,JOPLJPR4010
JPR4009,https://rajnandinifashion.com/cdn/shop/files/JOPLJPR4009_439x.progressive.jpg?v=1744281437,JOPLJPR4009
JPR4008,https://rajnandinifashion.com/cdn/shop/files/JOPLJPR4008_439x.progressive.jpg?v=1744281438,JOPLJPR4008
JPR4007,https://rajnandinifashion.com/cdn/shop/files/JOPLJPR4007_439x.progressive.jpg?v=1744281440,JOPLJPR4007
JPR4006,https://rajnandinifashion.com/cdn/shop/files/JOPLJPR4006_439x.progressive.jpg?v=1744281446,JOPLJPR4006
JPR4005,https://rajnandinifashion.com/cdn/shop/files/JOPLJPR4005_439x.progressive.jpg?v=1744281447,JOPLJPR4005
JPR4003,https://rajnandinifashion.com/cdn/shop/files/JOPLJPR4003_439x.progressive.jpg?v=1744281450,JOPLJPR4003
JPR4002,https://rajnandinifashion.com/cdn/shop/files/JOPLJPR4002_439x.progressive.jpg?v=1744281452,JOPLJPR4002
JPR4001,https://rajnandinifashion.com/cdn/shop/files/JOPLJPR4001_439x.progressive.jpg?v=1744281454,JOPLJPR4001
ST703,https://rajnandinifashion.com/cdn/shop/files/JOPLST703_439x.progressive.jpg?v=1744281455,JOPLST703
JPR775,https://rajnandinifashion.com/cdn/shop/files/JOPLJPR775-1_439x.progressive.jpg?v=1744281518,JOPLJPR775
